label,text,title,link,source
Politics,Farage vows mass deportations to tackle small boats. Plans outlined by the Reform UK leader would see the country taken out of the European Convention on Human Rights.,Farage vows mass deportations to tackle small boats,https://www.bbc.com/news/articles/c9vd3rx33g1o?at_medium=RSS&at_campaign=rss,https://feeds.bbci.co.uk/news/politics/rss.xml
Politics,Home Office seeks to appeal against court ruling on asylum hotel. The High Court refused a last-minute request by the Home Office to intervene in the Epping asylum hotel case.,Home Office seeks to appeal against court ruling on asylum hotel,https://www.bbc.com/news/articles/cy5p2ye95z9o?at_medium=RSS&at_campaign=rss,https://feeds.bbci.co.uk/news/politics/rss.xml
Politics,"Former UUP MP Rev Martin Smyth dies aged 94. As well as representing Belfast South in parliament, he served as the Grand Master of the Orange Lodge at the height of the Troubles.",Former UUP MP Rev Martin Smyth dies aged 94,https://www.bbc.com/news/articles/cde3p2450nwo?at_medium=RSS&at_campaign=rss,https://feeds.bbci.co.uk/news/politics/rss.xml
Politics,"Crackdown on child benefit claims from abroad after £17m saved. The government is expecting the move to save £350m over the next five years, after a successful pilot.",Crackdown on child benefit claims from abroad after £17m saved,https://www.bbc.com/news/articles/cr5r1zpl39jo?at_medium=RSS&at_campaign=rss,https://feeds.bbci.co.uk/news/politics/rss.xml
Politics,UK's third-largest steelworks collapses into government control. Hundreds of Liberty Steel workers in Rotherham and Sheffield face an uncertain future.,UK's third-largest steelworks collapses into government control,https://www.bbc.com/news/articles/cy0818y4jdlo?at_medium=RSS&at_campaign=rss,https://feeds.bbci.co.uk/news/politics/rss.xml
Politics,Six new members join Reform UK's party board. The decision-making committee welcomes Dame Andrea Jenkyns and three elected members to its ranks.,Six new members join Reform UK's party board,https://www.bbc.com/news/articles/cx291knwl3yo?at_medium=RSS&at_campaign=rss,https://feeds.bbci.co.uk/news/politics/rss.xml
Politics,MSP Jeremy Balfour resigns from Tories over 'reactionary politics'. The Lothian representative claims senior MSPs are being ignored under Russell Findlay's leadership.,MSP Jeremy Balfour resigns from Tories over 'reactionary politics',https://www.bbc.com/news/articles/c5ylwxwlpx1o?at_medium=RSS&at_campaign=rss,https://feeds.bbci.co.uk/news/politics/rss.xml
Politics,Business magnate Lord Swraj Paul dies aged 94. Lord Paul had been deputy speaker of the House of Lords and chancellor of Wolverhampton university.,Business magnate Lord Swraj Paul dies aged 94,https://www.bbc.com/news/articles/c0r72nj11kzo?at_medium=RSS&at_campaign=rss,https://feeds.bbci.co.uk/news/politics/rss.xml
Politics,Dozens more UK Afghan data breaches uncovered. The MoD admits 49 data breaches at the unit handling applications from Afghans seeking safety in the UK.,Dozens more UK Afghan data breaches uncovered,https://www.bbc.com/news/articles/cp8950pyy1vo?at_medium=RSS&at_campaign=rss,https://feeds.bbci.co.uk/news/politics/rss.xml
Politics,"Record 111,000 UK asylum applications in past year, figures show. The latest data, which covers Labour's first year in office, also shows the government is processing cases faster.","Record 111,000 UK asylum applications in past year, figures show",https://www.bbc.com/news/articles/cwy1kxv8xewo?at_medium=RSS&at_campaign=rss,https://feeds.bbci.co.uk/news/politics/rss.xml
Politics,Most areas with asylum seeker hotels have Labour councils. New figures released by the government show that 131 local authorities are housing asylum seekers in hotels.,Most areas with asylum seeker hotels have Labour councils,https://www.bbc.com/news/articles/ckg4eyyev1lo?at_medium=RSS&at_campaign=rss,https://feeds.bbci.co.uk/news/politics/rss.xml
Politics,"Labour membership falls by 200,000 in five years. Labour remains the UK's largest political party with 333,235 members, according to new figures.","Labour membership falls by 200,000 in five years",https://www.bbc.com/news/articles/ce83jgnx4w5o?at_medium=RSS&at_campaign=rss,https://feeds.bbci.co.uk/news/politics/rss.xml
Politics,Difficult decisions lie ahead after asylum seeker hotel ruling. The High Court ruling follows an unprecedented backlog in people waiting for a decision on their cases.,Difficult decisions lie ahead after asylum seeker hotel ruling,https://www.bbc.com/news/articles/cly4v3pllgko?at_medium=RSS&at_campaign=rss,https://feeds.bbci.co.uk/news/politics/rss.xml
Politics,Do asylum figures show if government's strategy is working?. Two BBC correspondents assess what the Home Office's new data tells us about the efficacy of the government's asylum strategy.,Do asylum figures show if government's strategy is working?,https://www.bbc.com/news/articles/cx2x371g2k8o?at_medium=RSS&at_campaign=rss,https://feeds.bbci.co.uk/news/politics/rss.xml
Politics,"Government borrowing lower than expected in July. Borrowing last month was the lowest July figure for three years, following rises in tax and National Insurance receipts.",Government borrowing lower than expected in July,https://www.bbc.com/news/articles/cj6ydlk4e1no?at_medium=RSS&at_campaign=rss,https://feeds.bbci.co.uk/news/politics/rss.xml
Politics,Former MP Dame Annette Brooke dies. Dame Annette served the constituency of Mid-Dorset and North Poole in Parliament from 2001 to 2015.,Former MP Dame Annette Brooke dies,https://www.bbc.com/news/articles/cvg30de4y40o?at_medium=RSS&at_campaign=rss,https://feeds.bbci.co.uk/news/politics/rss.xml
Politics,Government faces legal challenge over data centre. Campaigners are raising concerns about the environmental impact of the facility.,Government faces legal challenge over data centre,https://www.bbc.com/news/articles/c707k5wneygo?at_medium=RSS&at_campaign=rss,https://feeds.bbci.co.uk/news/politics/rss.xml
Politics,"Stop 'chilling' political interference in BBC, says ex-news boss. The BBC's former director of news James Harding delivers the TV industry's flagship annual lecture.","Stop 'chilling' political interference in BBC, says ex-news boss",https://www.bbc.com/news/articles/cn85z0z3gz3o?at_medium=RSS&at_campaign=rss,https://feeds.bbci.co.uk/news/politics/rss.xml
Politics,Reform UK confirms new deputy county council leader. The appointments come after Joseph Boam was removed from his position in the authority's cabinet.,Reform UK confirms new deputy county council leader,https://www.bbc.com/news/articles/cj6y0x8rpppo?at_medium=RSS&at_campaign=rss,https://feeds.bbci.co.uk/news/politics/rss.xml
Politics,"Labour councils consider asylum hotel legal challenges. More than half a dozen councils, including some run by Labour, are assessing their options after Epping ruling.",Labour councils consider asylum hotel legal challenges,https://www.bbc.com/news/articles/cwy0j9n4qzwo?at_medium=RSS&at_campaign=rss,https://feeds.bbci.co.uk/news/politics/rss.xml
Politics,Woman jailed for race hate post released from prison. Lucy Connolly is released from HMP Peterborough after receiving a 31-month sentence in October.,Woman jailed for race hate post released from prison,https://www.bbc.com/news/articles/c5yl7p4l11po?at_medium=RSS&at_campaign=rss,https://feeds.bbci.co.uk/news/politics/rss.xml
Politics,Former Tory MP quits party and unveils election plan. Former Wrexham MP Sarah Atherton has said she may run in the Senedd 2026 elections.,Former Tory MP quits party and unveils election plan,https://www.bbc.com/news/articles/c3dplvn8z8do?at_medium=RSS&at_campaign=rss,https://feeds.bbci.co.uk/news/politics/rss.xml
Politics,Labour MSP Colin Smyth charged over indecent images. The South Scotland representative has been suspended by the party after being arrested in Dumfries.,Labour MSP Colin Smyth charged over indecent images,https://www.bbc.com/news/articles/cy08309kxw6o?at_medium=RSS&at_campaign=rss,https://feeds.bbci.co.uk/news/politics/rss.xml
Politics,UK signs deal with Iraq to speed up migrant returns. It builds on a previous agreement to tackle smuggling gangs and deter small boat crossings.,UK signs deal with Iraq to speed up migrant returns,https://www.bbc.com/news/articles/c1w85yrer81o?at_medium=RSS&at_campaign=rss,https://feeds.bbci.co.uk/news/politics/rss.xml
Politics,Air fares and food prices push up inflation to 3.8% in July. Prices are now rising slightly quicker than expected and at their fastest pace since January 2024.,Air fares and food prices push up inflation to 3.8% in July,https://www.bbc.com/news/articles/c741wkngndqo?at_medium=RSS&at_campaign=rss,https://feeds.bbci.co.uk/news/politics/rss.xml
Politics,UK independent space agency scrapped to cut costs. Britain's space agency is set to be scrapped - a scientist fears the UK space sector could fall behind as a result,UK independent space agency scrapped to cut costs,https://www.bbc.com/news/articles/c4gmjm8z47jo?at_medium=RSS&at_campaign=rss,https://feeds.bbci.co.uk/news/politics/rss.xml
Politics,Disabled MP's taxi use investigated by watchdog. Kate Osborne says she followed Parliament's advice for taking taxis due to her disability.,Disabled MP's taxi use investigated by watchdog,https://www.bbc.com/news/articles/cz93q39w093o?at_medium=RSS&at_campaign=rss,https://feeds.bbci.co.uk/news/politics/rss.xml
Politics,"Are young women more left wing than men - and, if so, why?. A divide appears to be opening up between young women and young men in the way they vote and view the world.","Are young women more left wing than men - and, if so, why?",https://www.bbc.com/news/articles/cqxg89jzvl1o?at_medium=RSS&at_campaign=rss,https://feeds.bbci.co.uk/news/politics/rss.xml
Politics,What are Rachel Reeves' options on property tax?. Reports suggest the government is considering shaking up the property tax system to raise revenue.,What are Rachel Reeves' options on property tax?,https://www.bbc.com/news/articles/cm2k1m56xgjo?at_medium=RSS&at_campaign=rss,https://feeds.bbci.co.uk/news/politics/rss.xml
Politics,Is the government meeting its pledges on illegal immigration and asylum?. BBC Verify examines key areas which the government has promised to make improvements,Is the government meeting its pledges on illegal immigration and asylum?,https://www.bbc.com/news/articles/c9dqqj0v1ndo?at_medium=RSS&at_campaign=rss,https://feeds.bbci.co.uk/news/politics/rss.xml
Politics,Child benefit: What is it worth and who can claim it?. There is a limit to the amount you or your partner can earn before you start to lose child benefit.,Child benefit: What is it worth and who can claim it?,https://www.bbc.com/news/articles/c5y3lyq28lgo?at_medium=RSS&at_campaign=rss,https://feeds.bbci.co.uk/news/politics/rss.xml
Politics,"Suranne Jones: Playing the prime minister changes your perception of politics. Suranne Jones plays the Prime Minister whose husband is kidnapped in new political thriller, Hostage.",Suranne Jones: Playing the prime minister changes your perception of politics,https://www.bbc.com/news/articles/cy5p7ze0ww4o?at_medium=RSS&at_campaign=rss,https://feeds.bbci.co.uk/news/politics/rss.xml
Politics,Why have thousands of St George's flags gone up in cities and towns?. Thousands of St George's and union jack flags have been put up in recent weeks - but why?,Why have thousands of St George's flags gone up in cities and towns?,https://www.bbc.com/news/articles/c626vxyxgj6o?at_medium=RSS&at_campaign=rss,https://feeds.bbci.co.uk/news/politics/rss.xml
Politics,"Migration: How many people come to work and study in the UK?. The number of visas issued to people wanting to work, study or join family members in the UK has fallen.",Migration: How many people come to work and study in the UK?,https://www.bbc.com/news/articles/c89pvd58nd3o?at_medium=RSS&at_campaign=rss,https://feeds.bbci.co.uk/news/politics/rss.xml
Politics,"Asylum hotel ruling leaves ministers with major headache. The government will now have to find new places to house asylum seekers, while hoping other areas don't take similar legal action.",Asylum hotel ruling leaves ministers with major headache,https://www.bbc.com/news/articles/cy40wx73mwzo?at_medium=RSS&at_campaign=rss,https://feeds.bbci.co.uk/news/politics/rss.xml
Politics,"The Green Party is at a crossroads. Is it time they got angry?. Ahead of the upcoming leadership contest, some within the Greens are asking why they haven't better capitalised on discontent with the traditional parties",The Green Party is at a crossroads. Is it time they got angry?,https://www.bbc.com/news/articles/cm2kzrr4375o?at_medium=RSS&at_campaign=rss,https://feeds.bbci.co.uk/news/politics/rss.xml
Politics,"Starmer hails breakthrough on Ukraine - but anxiety over its future remains. Donald Trump's commitment to Ukraine's security is key to a lasting peace, the UK prime minister says.",Starmer hails breakthrough on Ukraine - but anxiety over its future remains,https://www.bbc.com/news/articles/cr5rl6y04z0o?at_medium=RSS&at_campaign=rss,https://feeds.bbci.co.uk/news/politics/rss.xml
Politics,"I felt phenomenal shame about being sexually abused, says Bryant. Sir Chris Bryant talks about his early life, from his alcoholic mother to being ordained as a priest.","I felt phenomenal shame about being sexually abused, says Bryant",https://www.bbc.com/news/articles/cqle9lwl0r3o?at_medium=RSS&at_campaign=rss,https://feeds.bbci.co.uk/news/politics/rss.xml
Politics,"Are latest UK growth figures good or bad news for the economy?. Depending on the timeframe you look at, the GDP figures can be seen as glass half full or half empty.",Are latest UK growth figures good or bad news for the economy?,https://www.bbc.com/news/articles/c5yp48jprg8o?at_medium=RSS&at_campaign=rss,https://feeds.bbci.co.uk/news/politics/rss.xml
Politics,"After mass arrests, what happens next with Palestine Action ban?. Since the Palestine Action ban, the clash ahead now feels as much about politics and PR as about the law.","After mass arrests, what happens next with Palestine Action ban?",https://www.bbc.com/news/articles/c3wn5gdv0wgo?at_medium=RSS&at_campaign=rss,https://feeds.bbci.co.uk/news/politics/rss.xml
Politics,"Hackers, secret cables and security fears: The explosive fight over China's new embassy in the UK. It will be the biggest embassy in Europe, if approved. But its opponents fear it brings with it certain risks and dangers","Hackers, secret cables and security fears: The explosive fight over China's new embassy in the UK",https://www.bbc.com/news/articles/c3v3rygdrryo?at_medium=RSS&at_campaign=rss,https://feeds.bbci.co.uk/news/politics/rss.xml
Politics,"What challenges will new guidance on ethnicity pose for police?. As forces are told they can share some suspects' ethnicity and nationality, officers warn of possible pitfalls.",What challenges will new guidance on ethnicity pose for police?,https://www.bbc.com/news/articles/c5ypk680pe1o?at_medium=RSS&at_campaign=rss,https://feeds.bbci.co.uk/news/politics/rss.xml
Politics,What we learned from Nicola Sturgeon's memoir. The much anticipated book by the former first minister is now on sale - and the BBC's Scotland editor James Cook has been doing some speed-reading.,What we learned from Nicola Sturgeon's memoir,https://www.bbc.com/news/articles/cn844n379y5o?at_medium=RSS&at_campaign=rss,https://feeds.bbci.co.uk/news/politics/rss.xml
Politics,"What are the rules around police giving out a suspect's nationality?. Home Secretary Yvette Cooper says guidance on what police reveal about suspects ""needs to change"".",What are the rules around police giving out a suspect's nationality?,https://www.bbc.com/news/articles/cm21evz732eo?at_medium=RSS&at_campaign=rss,https://feeds.bbci.co.uk/news/politics/rss.xml
Politics,Jeremy Corbyn's new party needs a name and it's trickier than you might think. The ex-Labour leader wants supporters to come up with a name for his new party.,Jeremy Corbyn's new party needs a name and it's trickier than you might think,https://www.bbc.com/news/articles/c3wnqj2pwvdo?at_medium=RSS&at_campaign=rss,https://feeds.bbci.co.uk/news/politics/rss.xml
Politics,"After 100 years, is Plaid Cymru on verge of leading Wales?. James Williams looks back at Plaid's history as the party celebrates 100 years since it was founded.","After 100 years, is Plaid Cymru on verge of leading Wales?",https://www.bbc.com/news/articles/cg4xk27r2qeo?at_medium=RSS&at_campaign=rss,https://feeds.bbci.co.uk/news/politics/rss.xml
Politics,What does recognising a Palestinian state mean?. Prime Minister Sir Keir Starmer has announced that the UK will recognise a Palestinian state in September unless Israel meets certain conditions.,What does recognising a Palestinian state mean?,https://www.bbc.com/news/articles/cvgp5z1vvj5o?at_medium=RSS&at_campaign=rss,https://feeds.bbci.co.uk/news/politics/rss.xml
Politics,Chris Mason: Trump visit provides Starmer with invaluable access. The PM's time with the president helped burnish a relationship as solid as it is improbable.,Chris Mason: Trump visit provides Starmer with invaluable access,https://www.bbc.com/news/articles/cdrkj4nvy22o?at_medium=RSS&at_campaign=rss,https://feeds.bbci.co.uk/news/politics/rss.xml
Politics,"Chris Mason: Why Labour had little choice but to suspend Abbott again. Labour appearing consistent is core to Abbott's second suspension, writes the BBC's Chris Mason.",Chris Mason: Why Labour had little choice but to suspend Abbott again,https://www.bbc.com/news/articles/cz9k7yje44eo?at_medium=RSS&at_campaign=rss,https://feeds.bbci.co.uk/news/politics/rss.xml
Politics,"Starmer stamps authority with MP suspensions, but risks appearing vindictive. Senior officials say the sackings came after repeated organising against the government.","Starmer stamps authority with MP suspensions, but risks appearing vindictive",https://www.bbc.com/news/articles/cedg44wj47go?at_medium=RSS&at_campaign=rss,https://feeds.bbci.co.uk/news/politics/rss.xml
Politics,"Starmer and Macron plead for patience in an impatient world. The UK and France have agreed a ""one in, one out"" deal for migrants crossing the Channel.",Starmer and Macron plead for patience in an impatient world,https://www.bbc.com/news/articles/clynxqdr157o?at_medium=RSS&at_campaign=rss,https://feeds.bbci.co.uk/news/politics/rss.xml
Politics,"Migrant deal will be seen as failure if numbers don't fall. The ""one-in-one-out"" deal with France to be announced later will have to deter people from getting in small boats.",Migrant deal will be seen as failure if numbers don't fall,https://www.bbc.com/news/articles/cly8mk006kvo?at_medium=RSS&at_campaign=rss,https://feeds.bbci.co.uk/news/politics/rss.xml
Politics,"'Thank you, but it's too late': Why some Palestinians aren't convinced by Starmer's promise. Some say Britain's decision is an important first step – while others worry it won't make a real difference, writes BBC's International Editor Jeremy Bowen.","'Thank you, but it's too late': Why some Palestinians aren't convinced by Starmer's promise",https://www.bbc.com/news/articles/cd6n0eeqp54o?at_medium=RSS&at_campaign=rss,https://feeds.bbci.co.uk/news/politics/rss.xml
Politics,"Who is in charge? The prime minister's authority is in question again. It's been a week of dismissals, disagreements and backbench bust-ups, writes Laura Kuenssberg.",Who is in charge? The prime minister's authority is in question again,https://www.bbc.com/news/articles/czxwe3g4wl5o?at_medium=RSS&at_campaign=rss,https://feeds.bbci.co.uk/news/politics/rss.xml
Politics,"Labour might be down, but it's not necessarily out - voters reflect on a year in power. What’s gone wrong for Labour? 2024 voters delve into it, writes Laura Kuenssberg.","Labour might be down, but it's not necessarily out - voters reflect on a year in power",https://www.bbc.com/news/articles/cvg8vjm4ee1o?at_medium=RSS&at_campaign=rss,https://feeds.bbci.co.uk/news/politics/rss.xml
Politics,Starmer's stormy first year: Why his political honeymoon was so short-lived. As the PM marks a year in office next week - which he will spend grappling with crises - British politics finds itself at an inflection point,Starmer's stormy first year: Why his political honeymoon was so short-lived,https://www.bbc.com/news/articles/cm2l8ge86z7o?at_medium=RSS&at_campaign=rss,https://feeds.bbci.co.uk/news/politics/rss.xml
Politics,"Crisis - which crisis? Israel-Iran another huge challenge for government. As buildings burn in Tehran and Tel Aviv, the UK government is facing another crisis, writes Laura Kuenssberg.",Crisis - which crisis? Israel-Iran another huge challenge for government,https://www.bbc.com/news/articles/c5yxn52dz5ro?at_medium=RSS&at_campaign=rss,https://feeds.bbci.co.uk/news/politics/rss.xml
Politics,Reporter Reads. The Green Party is on the brink of choosing its new leader.,Reporter Reads,https://www.bbc.co.uk/sounds/play/p0lx81dc?at_medium=RSS&at_campaign=rss,https://feeds.bbci.co.uk/news/politics/rss.xml
Politics,The Rest Is History. The Irish War of Independence reaches its bloody climax.,The Rest Is History,https://www.bbc.co.uk/sounds/play/p0lww9zt?at_medium=RSS&at_campaign=rss,https://feeds.bbci.co.uk/news/politics/rss.xml
Business,White House announces chipmaker Intel to give US government 10% stake. President Trump earlier said the company's CEO agreed to the deal in a recent meeting at the White House.,White House announces chipmaker Intel to give US government 10% stake,https://www.bbc.com/news/articles/cvg3zpdl3xdo?at_medium=RSS&at_campaign=rss,https://feeds.bbci.co.uk/news/business/rss.xml
Business,Fed chair Powell boosts expectation of US rate cut. Jerome Powell appeared to back a cut to borrowing rates and played down long term inflation risks in his annual speech at Jackson Hole.,Fed chair Powell boosts expectation of US rate cut,https://www.bbc.com/news/articles/c5ylwyx43x4o?at_medium=RSS&at_campaign=rss,https://feeds.bbci.co.uk/news/business/rss.xml
Business,Royal Mail and DHL halt some US deliveries over tariffs. Services including Royal Mail and DHL say they are suspending deliveries until they have proper systems in place.,Royal Mail and DHL halt some US deliveries over tariffs,https://www.bbc.com/news/articles/cx2p17xypgko?at_medium=RSS&at_campaign=rss,https://feeds.bbci.co.uk/news/business/rss.xml
Business,TikTok puts hundreds of UK content moderator jobs at risk. The firm says it's planning to relocate work to its other offices in Europe and invest more in AI.,TikTok puts hundreds of UK content moderator jobs at risk,https://www.bbc.com/news/articles/cgjyp48dp21o?at_medium=RSS&at_campaign=rss,https://feeds.bbci.co.uk/news/business/rss.xml
Business,Computer science graduates struggle to secure their first jobs. Companies are using AI to do basic coding tasks instead of hiring junior staff.,Computer science graduates struggle to secure their first jobs,https://www.bbc.com/news/articles/cm21dvg8l1go?at_medium=RSS&at_campaign=rss,https://feeds.bbci.co.uk/news/business/rss.xml
Business,Revolution Beauty to 'reset' after sale falls through. Co-founders Adam Minto and Tom Allsworth will return to the troubled brand after plummeting sales.,Revolution Beauty to 'reset' after sale falls through,https://www.bbc.com/news/articles/c36j2nxg202o?at_medium=RSS&at_campaign=rss,https://feeds.bbci.co.uk/news/business/rss.xml
Business,"Brewdog co-founder leaves craft beer giant. Martin Dickie, who founded the Ellon-based firm with James Watt in 2007, announced his decision in an email to staff.",Brewdog co-founder leaves craft beer giant,https://www.bbc.com/news/articles/cg50p64rev3o?at_medium=RSS&at_campaign=rss,https://feeds.bbci.co.uk/news/business/rss.xml
Business,"Assaults on public-facing workers should be specific offence, bosses say. The Institute of Customer Service says many are considering leaving their jobs as a result of abuse.","Assaults on public-facing workers should be specific offence, bosses say",https://www.bbc.com/news/articles/c79ljgx0el8o?at_medium=RSS&at_campaign=rss,https://feeds.bbci.co.uk/news/business/rss.xml
Business,"Elon Musk and X reach settlement with axed Twitter workers. Ex-Twitter staff sued the platform after some 6,000 employees were sacked in 2022.",Elon Musk and X reach settlement with axed Twitter workers,https://www.bbc.com/news/articles/c1ejq154nqzo?at_medium=RSS&at_campaign=rss,https://feeds.bbci.co.uk/news/business/rss.xml
Business,"'Significant disruption' as CrossCountry trains cut. RMT members will walk out on Saturday and Monday, but Sunday trains could also be cancelled.",'Significant disruption' as CrossCountry trains cut,https://www.bbc.com/news/articles/cwy5vplw54jo?at_medium=RSS&at_campaign=rss,https://feeds.bbci.co.uk/news/business/rss.xml
Business,Travellers warned of bank holiday disruption. A rail strike and works are expected this weekend as millions begin their bank holiday getaways.,Travellers warned of bank holiday disruption,https://www.bbc.com/news/articles/c1kzrxwjnryo?at_medium=RSS&at_campaign=rss,https://feeds.bbci.co.uk/news/business/rss.xml
Business,Trump backs down from 250% EU pharma tariff in deal. The US and EU have released details of the new trade deal reducing tariffs between the two partners.,Trump backs down from 250% EU pharma tariff in deal,https://www.bbc.com/news/articles/ckgjwk8gze7o?at_medium=RSS&at_campaign=rss,https://feeds.bbci.co.uk/news/business/rss.xml
Business,"Average five-year mortgage at lowest level since 2023. The average five-year fixed rate is now 4.99%, falling below 5% for the first time since 2023.",Average five-year mortgage at lowest level since 2023,https://www.bbc.com/news/articles/cdd3qm7ly8ro?at_medium=RSS&at_campaign=rss,https://feeds.bbci.co.uk/news/business/rss.xml
Business,WH Smith shares tumble 42% after accounting blunder. The retailer has drafted in auditors to review the issue and slashed its profit guidance.,WH Smith shares tumble 42% after accounting blunder,https://www.bbc.com/news/articles/c3v363zr6kdo?at_medium=RSS&at_campaign=rss,https://feeds.bbci.co.uk/news/business/rss.xml
Business,Tesco meal deal price rises by 25p. The move by the UK's largest supermarket is the latest example of rising food prices.,Tesco meal deal price rises by 25p,https://www.bbc.com/news/articles/clyr7renp51o?at_medium=RSS&at_campaign=rss,https://feeds.bbci.co.uk/news/business/rss.xml
Business,Sony raises PlayStation 5 prices in US as tariff fears persist. The Japanese technology giant cited economic challenges as it raised prices for the consoles by around $50.,Sony raises PlayStation 5 prices in US as tariff fears persist,https://www.bbc.com/news/articles/cy081prg9jjo?at_medium=RSS&at_campaign=rss,https://feeds.bbci.co.uk/news/business/rss.xml
Business,"Microsoft boss troubled by rise in reports of 'AI psychosis'. Mustafa Suleyman said there was still ""zero evidence of AI consciousness today"".",Microsoft boss troubled by rise in reports of 'AI psychosis',https://www.bbc.com/news/articles/c24zdel5j18o?at_medium=RSS&at_campaign=rss,https://feeds.bbci.co.uk/news/business/rss.xml
Business,Tube staff to strike over pay and work conditions. RMT union members will strike from Friday 5 September for seven days.,Tube staff to strike over pay and work conditions,https://www.bbc.com/news/articles/cn728er5p1mo?at_medium=RSS&at_campaign=rss,https://feeds.bbci.co.uk/news/business/rss.xml
Business,Delta and United sued for selling 'window seats' without windows. Delta and United are being sued over allegedly charging extra for seats next to a blank walls.,Delta and United sued for selling 'window seats' without windows,https://www.bbc.com/news/articles/c754k7d0z51o?at_medium=RSS&at_campaign=rss,https://feeds.bbci.co.uk/news/business/rss.xml
Business,"Sentencing for man who dodged 113 train tickets delayed. Charles Brohiri was granted bail despite clocking up £30,000 in penalty fares.",Sentencing for man who dodged 113 train tickets delayed,https://www.bbc.com/news/articles/cwy38zmvk04o?at_medium=RSS&at_campaign=rss,https://feeds.bbci.co.uk/news/business/rss.xml
Business,"Government prepares to take over UK's third-largest steelworks. Managers have been lined up to take control in a bid to protect 1,500 jobs at the Yorkshire plant.",Government prepares to take over UK's third-largest steelworks,https://www.bbc.com/news/articles/cj0yd0829m4o?at_medium=RSS&at_campaign=rss,https://feeds.bbci.co.uk/news/business/rss.xml
Business,"Why are food prices still rising by so much?. Food and drink prices have risen by 4.9% over the last year, according to ONS inflation data.",Why are food prices still rising by so much?,https://www.bbc.com/news/articles/cyvn9z3y78lo?at_medium=RSS&at_campaign=rss,https://feeds.bbci.co.uk/news/business/rss.xml
Business,Target appoints new boss as it seeks to revive sales. Shares in Target dropped nearly 11% before recovering slightly after the announcement.,Target appoints new boss as it seeks to revive sales,https://www.bbc.com/news/articles/c93dw3w09z6o?at_medium=RSS&at_campaign=rss,https://feeds.bbci.co.uk/news/business/rss.xml
Business,Denmark ending letter deliveries is a sign of the digital times. PostNord blames sharply falling demand - will other post firms around the world follow suit?,Denmark ending letter deliveries is a sign of the digital times,https://www.bbc.com/news/articles/c3v37plv2edo?at_medium=RSS&at_campaign=rss,https://feeds.bbci.co.uk/news/business/rss.xml
Business,"How to destroy harmful 'forever chemicals'. PFAS were once prized for their durability, but now firms are developing ways to destroy them.",How to destroy harmful 'forever chemicals',https://www.bbc.com/news/articles/clydd630pxzo?at_medium=RSS&at_campaign=rss,https://feeds.bbci.co.uk/news/business/rss.xml
Business,"Should Europe wean itself off US tech?. Just three US firms provide 70% of Europe's cloud-computing, leading to fears of overreliance.",Should Europe wean itself off US tech?,https://www.bbc.com/news/articles/c3dpr2zkny0o?at_medium=RSS&at_campaign=rss,https://feeds.bbci.co.uk/news/business/rss.xml
Business,Inside Australia's billion-dollar bid to take on China's rare earth dominance. Recent moves by Beijing have got businesses worried - and Australia is looking to offer an alternative.,Inside Australia's billion-dollar bid to take on China's rare earth dominance,https://www.bbc.com/news/articles/cgm2z91mvlvo?at_medium=RSS&at_campaign=rss,https://feeds.bbci.co.uk/news/business/rss.xml
Business,Economic woes dominate as Bolivia prepares to go to the polls. The South American country is dealing with very high inflation ahead of its latest general election.,Economic woes dominate as Bolivia prepares to go to the polls,https://www.bbc.com/news/articles/c62nn665g32o?at_medium=RSS&at_campaign=rss,https://feeds.bbci.co.uk/news/business/rss.xml
Business,How to get AI to work in 22 languages. India tackles the problem of making AI translate between its many languages and dialects,How to get AI to work in 22 languages,https://www.bbc.com/news/articles/cn0qqzz1e4zo?at_medium=RSS&at_campaign=rss,https://feeds.bbci.co.uk/news/business/rss.xml
Business,Will AI make language dubbing easy for film and TV?. New tech promises to dub film and TV into different languages without losing the quality of the performance.,Will AI make language dubbing easy for film and TV?,https://www.bbc.com/news/articles/c36xy6r91kwo?at_medium=RSS&at_campaign=rss,https://feeds.bbci.co.uk/news/business/rss.xml
Business,"China's unemployed young adults who are pretending to have jobs. With Chinese youth unemployment high, individuals are paying to go into offices and pretend to work.",China's unemployed young adults who are pretending to have jobs,https://www.bbc.com/news/articles/cdd3ep76g3go?at_medium=RSS&at_campaign=rss,https://feeds.bbci.co.uk/news/business/rss.xml
Business,Why firms are merging HR and IT departments. The emergence of AI is spurring some firms to make their HR and IT departments work closer together.,Why firms are merging HR and IT departments,https://www.bbc.com/news/articles/cy0w8gvq84xo?at_medium=RSS&at_campaign=rss,https://feeds.bbci.co.uk/news/business/rss.xml
Business,"How Europe is vying for rare earth independence from China. The EU is aiming to increase its own production of rare earth metals, led by a facility in France.",How Europe is vying for rare earth independence from China,https://www.bbc.com/news/articles/cm2zp6m4gy7o?at_medium=RSS&at_campaign=rss,https://feeds.bbci.co.uk/news/business/rss.xml
Business,Will new greener brake pads be more expensive?. Automotive industry will have to change techniques and materials as new EU rules come into force in 2026,Will new greener brake pads be more expensive?,https://www.bbc.com/news/articles/cp3l4qz1l9qo?at_medium=RSS&at_campaign=rss,https://feeds.bbci.co.uk/news/business/rss.xml
Business,'I work full-time but can't afford school uniform'. Parents using a free clothing bank say they are already making cut-backs to pay for schoolwear.,'I work full-time but can't afford school uniform',https://www.bbc.com/news/articles/cj4w0l5krvxo?at_medium=RSS&at_campaign=rss,https://feeds.bbci.co.uk/news/business/rss.xml
Business,Foundation seeks charity partners for new projects. Guernsey Community Foundation invites charities to collaborate on tackling living costs and housing.,Foundation seeks charity partners for new projects,https://www.bbc.com/news/articles/cly7gd0wgq3o?at_medium=RSS&at_campaign=rss,https://feeds.bbci.co.uk/news/business/rss.xml
Business,"County's 'secret' festival marks 25th anniversary. The four-day Shambala Festival is set to welcome about 15,000 people to Northamptonshire.",County's 'secret' festival marks 25th anniversary,https://www.bbc.com/news/articles/cr5r793lvggo?at_medium=RSS&at_campaign=rss,https://feeds.bbci.co.uk/news/business/rss.xml
Business,Foodbank manager surprised at high demand for service. The new manager Gloucester Foodbank said she was unaware of how many people still need help.,Foodbank manager surprised at high demand for service,https://www.bbc.com/news/articles/cjw6z53wl1lo?at_medium=RSS&at_campaign=rss,https://feeds.bbci.co.uk/news/business/rss.xml
Business,"The UK car industry is at a tipping point - can it be saved?. Tariffs, Brexit, pandemic havoc... All of this caused short-term disruption - but the impact concealed a deeper problem for the UK automotive industry",The UK car industry is at a tipping point - can it be saved?,https://www.bbc.com/news/articles/c23p028p200o?at_medium=RSS&at_campaign=rss,https://feeds.bbci.co.uk/news/business/rss.xml
Business,"Trump's global tariffs 'victory' may well come at a high price. The US president considers it a win - but if this all triggers a foundational realignment, the results may not break in his favour",Trump's global tariffs 'victory' may well come at a high price,https://www.bbc.com/news/articles/c0l6g13rlwko?at_medium=RSS&at_campaign=rss,https://feeds.bbci.co.uk/news/business/rss.xml
Business,China's electric cars are becoming slicker and cheaper - but is there a deeper cost?. The future for EVs will inevitably involve China. But where does that leave the UK and Europe markets – and what of the questions around national security?,China's electric cars are becoming slicker and cheaper - but is there a deeper cost?,https://www.bbc.com/news/articles/cy8d4v69jw6o?at_medium=RSS&at_campaign=rss,https://feeds.bbci.co.uk/news/business/rss.xml
Business,The secretive US factory that lays bare the contradiction in Trump's America First plan. An exclusive look inside the closely guarded factory the president wants to become a foundation stone for a US golden age.,The secretive US factory that lays bare the contradiction in Trump's America First plan,https://www.bbc.com/news/articles/cwywj0zgzwxo?at_medium=RSS&at_campaign=rss,https://feeds.bbci.co.uk/news/business/rss.xml
Business,The shop making people laugh for nearly 100 years. Hull's iconic Dinsdale's joke shop has remained pretty much untouched for almost a century.,The shop making people laugh for nearly 100 years,https://www.bbc.com/news/videos/czjmn21r194o?at_medium=RSS&at_campaign=rss,https://feeds.bbci.co.uk/news/business/rss.xml
Business,"Business Daily. Thousands of firms have the certification, but some think the rules aren't strict enough",Business Daily,https://www.bbc.co.uk/sounds/play/w3ct6s2g?at_medium=RSS&at_campaign=rss,https://feeds.bbci.co.uk/news/business/rss.xml
Business,"'One video about a dress made me £6,000'. Single mum Roxanne Freeman has paid off her debt with her earnings as a TikTok content creator.","'One video about a dress made me £6,000'",https://www.bbc.com/news/videos/c7vl1402lmdo?at_medium=RSS&at_campaign=rss,https://feeds.bbci.co.uk/news/business/rss.xml
Health,"Baby food firms told to make products healthier or face action. Manufacturers who do not make products healthier within 18 months may face action, the government says.",Baby food firms told to make products healthier or face action,https://www.bbc.com/news/articles/cvgpld8p9rqo?at_medium=RSS&at_campaign=rss,https://feeds.bbci.co.uk/news/health/rss.xml
Health,Will Serena Williams's weight-loss admission help shed stigma of anti-obesity drugs?. Could her comments instil a new sense of confidence in those using the drugs and quieten the critics?,Will Serena Williams's weight-loss admission help shed stigma of anti-obesity drugs?,https://www.bbc.com/news/articles/c8de89lg21jo?at_medium=RSS&at_campaign=rss,https://feeds.bbci.co.uk/news/health/rss.xml
Health,"Bereaved families feel 'ignored' over maternity review. It follows a meeting between the families and Baroness Amos, who will chair the review.",Bereaved families feel 'ignored' over maternity review,https://www.bbc.com/news/articles/c1ejq4yy501o?at_medium=RSS&at_campaign=rss,https://feeds.bbci.co.uk/news/health/rss.xml
Health,Hospital pays out after bacteria-linked deaths. Nine families receive compensation after the outbreak linked to a Cambridge-based hospital.,Hospital pays out after bacteria-linked deaths,https://www.bbc.com/news/articles/cm21xrm5dyzo?at_medium=RSS&at_campaign=rss,https://feeds.bbci.co.uk/news/health/rss.xml
Health,"Pine nuts and goat's milk should get allergy labels, say experts. Warnings for some 'emerging' food allergens should be added to food packaging, researchers suggest.","Pine nuts and goat's milk should get allergy labels, say experts",https://www.bbc.com/news/articles/c5ypgrzxx9go?at_medium=RSS&at_campaign=rss,https://feeds.bbci.co.uk/news/health/rss.xml
Health,"More weight-loss drugs could be offered as part of new diabetes care. Diabetes patients should have better and more equal access to newer medicines, says official healthcare body.",More weight-loss drugs could be offered as part of new diabetes care,https://www.bbc.com/news/articles/cgkr2g3e5p1o?at_medium=RSS&at_campaign=rss,https://feeds.bbci.co.uk/news/health/rss.xml
Health,Warning issued over branded kids' magnesium gummies. An undeclared drug that can cause drowsiness and headaches has been found in Nutrition Ignition supplements.,Warning issued over branded kids' magnesium gummies,https://www.bbc.com/news/articles/c17nzy9zywyo?at_medium=RSS&at_campaign=rss,https://feeds.bbci.co.uk/news/health/rss.xml
Health,What are UV levels and how can you protect yourself?. How dangerous is UV radiation and how can you protect yourself when levels are high?,What are UV levels and how can you protect yourself?,https://www.bbc.com/news/articles/ckmg1572e8ko?at_medium=RSS&at_campaign=rss,https://feeds.bbci.co.uk/news/health/rss.xml
Health,"What does hot weather do to the body?. Hot weather during the summer can affect anyone, but some people run a greater risk of serious harm.",What does hot weather do to the body?,https://www.bbc.com/news/articles/cy7n6m7y6yvo?at_medium=RSS&at_campaign=rss,https://feeds.bbci.co.uk/news/health/rss.xml
Health,When is it too hot to walk your dog?. How to make sure your pets are cool and comfortable during periods of hot weather.,When is it too hot to walk your dog?,https://www.bbc.com/news/articles/ce839egxynwo?at_medium=RSS&at_campaign=rss,https://feeds.bbci.co.uk/news/health/rss.xml
Health,What to do if you think someone has heat exhaustion or heatstroke. Know the signs and what to do if someone is unwell in hot weather.,What to do if you think someone has heat exhaustion or heatstroke,https://www.bbc.com/news/articles/ckgl51jjp3jo?at_medium=RSS&at_campaign=rss,https://feeds.bbci.co.uk/news/health/rss.xml
Health,What should you look for when choosing sunscreen?. What to look for when choosing sunscreen and how to apply it to get the maximum protection.,What should you look for when choosing sunscreen?,https://www.bbc.com/news/articles/c1lj5r48vmmo?at_medium=RSS&at_campaign=rss,https://feeds.bbci.co.uk/news/health/rss.xml
Health,"Why are pollen levels making hay fever so bad this year?. As pollen levels rise, what are the best ways to treat hay fever symptoms, and other useful advice.",Why are pollen levels making hay fever so bad this year?,https://www.bbc.com/news/articles/cx2jevn2d1eo?at_medium=RSS&at_campaign=rss,https://feeds.bbci.co.uk/news/health/rss.xml
Health,How do heat health alerts work?. The weather alert service warns the public when high or low temperatures could damage their health.,How do heat health alerts work?,https://www.bbc.com/news/articles/cd97dkx9g38o?at_medium=RSS&at_campaign=rss,https://feeds.bbci.co.uk/news/health/rss.xml
Health,"Why today's sunshine is more dangerous than normal. The UK could experience some of the highest UV levels ever recorded, on Thursday.",Why today's sunshine is more dangerous than normal,https://www.bbc.co.uk/news/explainers-53178988?at_medium=RSS&at_campaign=rss,https://feeds.bbci.co.uk/news/health/rss.xml
Health,Hot weather: How to sleep in the heat. Simple tips to help you get a good night's sleep during hot weather.,Hot weather: How to sleep in the heat,https://www.bbc.com/news/articles/cpw7gp2ky70o?at_medium=RSS&at_campaign=rss,https://feeds.bbci.co.uk/news/health/rss.xml
Health,Lucy Letby's new expert supporters claim no babies were deliberately harmed. Who should we believe?. Barrister Mark McDonald claims to have the backing of a panel of world class experts who say there is no evidence any babies were deliberately harmed,Lucy Letby's new expert supporters claim no babies were deliberately harmed. Who should we believe?,https://www.bbc.com/news/articles/cj0y9673rjno?at_medium=RSS&at_campaign=rss,https://feeds.bbci.co.uk/news/health/rss.xml
Health,Drinks that make you chill - do they really do what it says on the tin?. The wellness drinks industry is booming – but the big benefits they promise might be too good to be true.,Drinks that make you chill - do they really do what it says on the tin?,https://www.bbc.com/news/articles/c4gdw0y4q7wo?at_medium=RSS&at_campaign=rss,https://feeds.bbci.co.uk/news/health/rss.xml
Health,A walk-in fishermen's clinic saved Tom from sepsis - and could transform the NHS. Tom Parker was treated in one of 70 harbour health clinics after breaking his fibula fishing at sea.,A walk-in fishermen's clinic saved Tom from sepsis - and could transform the NHS,https://www.bbc.com/news/articles/cm21z711g59o?at_medium=RSS&at_campaign=rss,https://feeds.bbci.co.uk/news/health/rss.xml
Health,Could RFK Jr's move to pull mRNA vaccine funding be a huge miscalculation?. The US is withdrawing $500m for vaccines for diseases like flu and Covid. Health correspondent James Gallagher asks if it's the right call.,Could RFK Jr's move to pull mRNA vaccine funding be a huge miscalculation?,https://www.bbc.com/news/articles/cly75p9yd67o?at_medium=RSS&at_campaign=rss,https://feeds.bbci.co.uk/news/health/rss.xml
Health,"Why we need to talk about periods, breasts and injuries in women's sport. Understanding the pressure elite sport puts on women’s bodies is pushing athletes to new levels of excellence.","Why we need to talk about periods, breasts and injuries in women's sport",https://www.bbc.com/news/articles/cq53v066x52o?at_medium=RSS&at_campaign=rss,https://feeds.bbci.co.uk/news/health/rss.xml
Health,Students feel 'let down' by mental health support - but should it really be up to universities?. The number of students reporting mental health concerns is rising. But to what extent should the onus be on universities?,Students feel 'let down' by mental health support - but should it really be up to universities?,https://www.bbc.com/news/articles/c93kzkle81wo?at_medium=RSS&at_campaign=rss,https://feeds.bbci.co.uk/news/health/rss.xml
Health,"Babies made using three people's DNA are born free of hereditary disease. The method was pioneered by UK scientists to overcome devastating, often fatal inherited diseases.",Babies made using three people's DNA are born free of hereditary disease,https://www.bbc.com/news/articles/cn8179z199vo?at_medium=RSS&at_campaign=rss,https://feeds.bbci.co.uk/news/health/rss.xml
Health,NHS tracker - are hospital waiting times improving near you?. Use our interactive tracker to see if treatment waits are getting better at your local hospital.,NHS tracker - are hospital waiting times improving near you?,https://www.bbc.com/news/articles/cq53qx2vg6jo?at_medium=RSS&at_campaign=rss,https://feeds.bbci.co.uk/news/health/rss.xml
Health,Why are measles cases rising in the UK?. What are the symptoms of measles and how dangerous is the disease?,Why are measles cases rising in the UK?,https://www.bbc.com/news/articles/c3w42xz34zjo?at_medium=RSS&at_campaign=rss,https://feeds.bbci.co.uk/news/health/rss.xml
Health,"Alzheimer's has isolated us, says Fiona Phillips' husband. Martin Frizell has spoken of the social isolation faced by the couple since the former GMTV presenter was diagnosed.","Alzheimer's has isolated us, says Fiona Phillips' husband",https://www.bbc.com/news/articles/c77vm4k635mo?at_medium=RSS&at_campaign=rss,https://feeds.bbci.co.uk/news/health/rss.xml
Health,Vaccine roll-outs cut deaths by 60% - study. The study looked at vaccines deployed during outbreaks of five deadly diseases.,Vaccine roll-outs cut deaths by 60% - study,https://www.bbc.com/news/articles/ce9x4yd27mro?at_medium=RSS&at_campaign=rss,https://feeds.bbci.co.uk/news/health/rss.xml
Health,South Africans fear spike in HIV infections as US aid cuts bite. South Africa has been at the forefront of the successful battle to halt the spread of HIV/Aids - until now.,South Africans fear spike in HIV infections as US aid cuts bite,https://www.bbc.com/news/articles/ce83r14vlnpo?at_medium=RSS&at_campaign=rss,https://feeds.bbci.co.uk/news/health/rss.xml
Health,Is RFK Jr's divisive plan to Make America Healthy Again fearmongering - or revolutionary?. The most powerful public health official in the US is reviled by some medics - but even some of his critics accept that he is bringing drive to healthcare areas that have long been neglected,Is RFK Jr's divisive plan to Make America Healthy Again fearmongering - or revolutionary?,https://www.bbc.com/news/articles/ceq7jx3dlj9o?at_medium=RSS&at_campaign=rss,https://feeds.bbci.co.uk/news/health/rss.xml
Health,How is your hospital doing as NHS battles to bring down waiting times?. Use our interactive tracker to see if treatment waits are getting better at your local hospital,How is your hospital doing as NHS battles to bring down waiting times?,https://www.bbc.com/news/articles/cedg8dz7996o?at_medium=RSS&at_campaign=rss,https://feeds.bbci.co.uk/news/health/rss.xml
Health,"Emma is doing something she swore she never would - buying her kids vapes. One month on from the disposable vape ban, one mum says it has had little impact on her children's nicotine consumption.",Emma is doing something she swore she never would - buying her kids vapes,https://www.bbc.com/news/articles/czdv3jq1pnyo?at_medium=RSS&at_campaign=rss,https://feeds.bbci.co.uk/news/health/rss.xml
Health,"I lost £15,000 after going to an IVF middleman. Companies that act as ""middlemen"" between patients and doctors are not regulated by the fertility watchdog.","I lost £15,000 after going to an IVF middleman",https://www.bbc.com/news/articles/cm2eyzndlvvo?at_medium=RSS&at_campaign=rss,https://feeds.bbci.co.uk/news/health/rss.xml
Health,How to stay safe at festivals this summer. The UKHSA and Somerset Council have put together a list on how to stay safe at festivals this summer.,How to stay safe at festivals this summer,https://www.bbc.com/news/articles/cje752yzp0lo?at_medium=RSS&at_campaign=rss,https://feeds.bbci.co.uk/news/health/rss.xml
Health,Stop telling me to lower my cortisol - it's making me stressed!. Can social media hacks really help bring down your cortisol levels?,Stop telling me to lower my cortisol - it's making me stressed!,https://www.bbc.com/news/articles/cg5z6l19rv6o?at_medium=RSS&at_campaign=rss,https://feeds.bbci.co.uk/news/health/rss.xml
Health,'Our sister died of cancer because of our mum's conspiracy theories'. Paloma Shemirani’s brothers say she refused chemotherapy because of their mother’s beliefs.,'Our sister died of cancer because of our mum's conspiracy theories',https://www.bbc.com/news/articles/crenzwyvpn1o?at_medium=RSS&at_campaign=rss,https://feeds.bbci.co.uk/news/health/rss.xml
Health,How does a £1.6m fine affect an NHS trust?. How will the largest fine over maternity deaths impact the NHS and the families it failed?,How does a £1.6m fine affect an NHS trust?,https://www.bbc.com/news/articles/ckgrjr7emlgo?at_medium=RSS&at_campaign=rss,https://feeds.bbci.co.uk/news/health/rss.xml
Health,"The teenage caffeine pouch trend troubling US experts. Some social media influencers are pushing products to young gym-goers and students, health experts warn.",The teenage caffeine pouch trend troubling US experts,https://www.bbc.com/news/articles/cy8k8xgry98o?at_medium=RSS&at_campaign=rss,https://feeds.bbci.co.uk/news/health/rss.xml
Health,"Sleep, exercise, hydrate - do we really need to stick to recommended daily doses?. As a study casts doubt on the daily steps maxim, we take a look at some other health benchmarks we’re often told to strive for.","Sleep, exercise, hydrate - do we really need to stick to recommended daily doses?",https://www.bbc.com/news/articles/cwygy378nn1o?at_medium=RSS&at_campaign=rss,https://feeds.bbci.co.uk/news/health/rss.xml
Health,Is the most expensive lip balm always the best?. Do you need to spend more to get the best for your chapped lips?,Is the most expensive lip balm always the best?,https://www.bbc.co.uk/bitesize/articles/zswkfdm?at_medium=RSS&at_campaign=rss,https://feeds.bbci.co.uk/news/health/rss.xml
Health,"Ketamine helped me escape my negative thoughts - then it nearly killed me. Young people are taking dangerous amounts of ket because it's cheap, easily available and helps them ""disconnect"", experts say.",Ketamine helped me escape my negative thoughts - then it nearly killed me,https://www.bbc.com/news/articles/c70r1xdyy59o?at_medium=RSS&at_campaign=rss,https://feeds.bbci.co.uk/news/health/rss.xml
Health,"The English neighbourhood that claims to hold the secret to fixing the NHS. With public satisfaction in the NHS just 21%, one area has a plan to shake up its services that could reduce GP waiting lists, as well as unblock hospital beds - but can it really work nationwide?",The English neighbourhood that claims to hold the secret to fixing the NHS,https://www.bbc.com/news/articles/cn4w2p79v9eo?at_medium=RSS&at_campaign=rss,https://feeds.bbci.co.uk/news/health/rss.xml
Health,Why are disposable vapes being banned and how harmful is vaping?. It will be illegal to sell or supply disposable vapes from 1 June 2025.,Why are disposable vapes being banned and how harmful is vaping?,https://www.bbc.com/news/articles/czxyny0w7wdo?at_medium=RSS&at_campaign=rss,https://feeds.bbci.co.uk/news/health/rss.xml
Health,Labour's plan for benefits throws up a bigger dilemma. The debate has sparked a wider dilemma about the broader purpose of welfare,Labour's plan for benefits throws up a bigger dilemma,https://www.bbc.com/news/articles/cvgev3dvz3jo?at_medium=RSS&at_campaign=rss,https://feeds.bbci.co.uk/news/health/rss.xml
Health,First place in British Isles set to approve right to die. Laws in the Isle of Man to let terminally ill adults end their own lives are in the last stages of debate.,First place in British Isles set to approve right to die,https://www.bbc.com/news/articles/c78ed70qep7o?at_medium=RSS&at_campaign=rss,https://feeds.bbci.co.uk/news/health/rss.xml
Health,"Generation K: The disturbing rise of ketamine abuse among young people. Increasing numbers of young people are using the drug, experts say. The health impacts can be catastrophic.",Generation K: The disturbing rise of ketamine abuse among young people,https://www.bbc.com/news/articles/c5y0g2gnjrqo?at_medium=RSS&at_campaign=rss,https://feeds.bbci.co.uk/news/health/rss.xml
Health,Assisted dying bill: What is in proposed law?. The proposed law would allow some terminally ill adults to end their own lives. But there are requirements.,Assisted dying bill: What is in proposed law?,https://www.bbc.com/news/articles/cx2l7m6r55do?at_medium=RSS&at_campaign=rss,https://feeds.bbci.co.uk/news/health/rss.xml
Health,"'My first cervical screening was over before I knew it'. The BBC speaks to six people about their first cervical screening, and what they wish they'd known beforehand.",'My first cervical screening was over before I knew it',https://www.bbc.com/news/articles/cd0jkk3nnrlo?at_medium=RSS&at_campaign=rss,https://feeds.bbci.co.uk/news/health/rss.xml
Health,Is the system letting down people who were harmed by Covid vaccines?. People affected by rare blood clots say they feel they have been airbrushed out of the pandemic.,Is the system letting down people who were harmed by Covid vaccines?,https://www.bbc.com/news/articles/c1d5d6nng67o?at_medium=RSS&at_campaign=rss,https://feeds.bbci.co.uk/news/health/rss.xml
Health,"How will weight-loss drugs change our relationship with food?. The rise of these treatments has major implications for how we think about obesity, says James Gallagher.",How will weight-loss drugs change our relationship with food?,https://www.bbc.com/news/articles/c4g518d5j5lo?at_medium=RSS&at_campaign=rss,https://feeds.bbci.co.uk/news/health/rss.xml
Health,"NHS needs better plan around weight loss jabs, warn experts. Experts call for an urgent review of obesity treatment services amid booming demand for weight loss jabs.","NHS needs better plan around weight loss jabs, warn experts",https://www.bbc.com/news/articles/c5y03p4xlx8o?at_medium=RSS&at_campaign=rss,https://feeds.bbci.co.uk/news/health/rss.xml
Health,How many of us will end up being diagnosed with ADHD?. Experts suggest that the number of people with ADHD is actually going to remain steady.,How many of us will end up being diagnosed with ADHD?,https://www.bbc.com/news/articles/c3ejky0dy47o?at_medium=RSS&at_campaign=rss,https://feeds.bbci.co.uk/news/health/rss.xml
Health,The junior doctors' strikes may be over. But is trouble ahead?. The end of the pay dispute sounded too good to be true. And now some are wondering if it might be.,The junior doctors' strikes may be over. But is trouble ahead?,https://www.bbc.com/news/articles/c19kdyyxzr3o?at_medium=RSS&at_campaign=rss,https://feeds.bbci.co.uk/news/health/rss.xml
Health,Why we might never know the truth about ultra-processed foods. Experts can’t agree how exactly they affect us and it’s not clear that science will give us an answer.,Why we might never know the truth about ultra-processed foods,https://www.bbc.com/news/articles/cpe3pppw1z7o?at_medium=RSS&at_campaign=rss,https://feeds.bbci.co.uk/news/health/rss.xml
Health,Union and government to restart talks on ending doctor dispute. BMA says there is window of opportunity in coming weeks to reach a settlement after 12 strikes.,Union and government to restart talks on ending doctor dispute,https://www.bbc.com/news/articles/c8jp9n928wko?at_medium=RSS&at_campaign=rss,https://feeds.bbci.co.uk/news/health/rss.xml
Health,"Doctors' union agrees to resume talks with Streeting. But the health secretary says he will not negotiate on pay, adding that the union has lost goodwill with their five-day walkout.",Doctors' union agrees to resume talks with Streeting,https://www.bbc.com/news/articles/cdrkdp3xy17o?at_medium=RSS&at_campaign=rss,https://feeds.bbci.co.uk/news/health/rss.xml
Health,"The doctor strike has ended - what comes next?. With doctors returning to work after five-day walkout, is there an opportunity for talks to re-start?",The doctor strike has ended - what comes next?,https://www.bbc.com/news/articles/c4glxxxj3e0o?at_medium=RSS&at_campaign=rss,https://feeds.bbci.co.uk/news/health/rss.xml
Health,Why did resident doctors strike and what are they paid?. Resident doctors in England went on strike over pay for five days at the end of July 2025.,Why did resident doctors strike and what are they paid?,https://www.bbc.com/news/articles/cn0qyl4ljjko?at_medium=RSS&at_campaign=rss,https://feeds.bbci.co.uk/news/health/rss.xml
Health,Covid care home policy was 'least worst decision' - Hancock. Former health secretary Matt Hancock denied claims the government's attempt to throw a protective ring around care homes in early 2020 was empty rhetoric.,Covid care home policy was 'least worst decision' - Hancock,https://www.bbc.com/news/articles/cp904053024o?at_medium=RSS&at_campaign=rss,https://feeds.bbci.co.uk/news/health/rss.xml
Health,Covid inquiry hears of 'generational slaughter'. Relatives of care home residents tell the Covid inquiry they will never get over how their loved ones died.,Covid inquiry hears of 'generational slaughter',https://www.bbc.com/news/articles/cy8kkxn20ddo?at_medium=RSS&at_campaign=rss,https://feeds.bbci.co.uk/news/health/rss.xml
Health,"Covid inquiry to look at impact on care services. The Covid inquiry will examine the impact of the pandemic on care services, starting on Monday.",Covid inquiry to look at impact on care services,https://www.bbc.com/news/articles/c62dg6xvy6no?at_medium=RSS&at_campaign=rss,https://feeds.bbci.co.uk/news/health/rss.xml
Health,The Covid Inquiry Podcast: 'I wasn't the decision maker'. The Inquiry hears from the lead of the test and trace unit,The Covid Inquiry Podcast: 'I wasn't the decision maker',https://www.bbc.co.uk/sounds/play/p0lfjj18?at_medium=RSS&at_campaign=rss,https://feeds.bbci.co.uk/news/health/rss.xml
Health,Cash to isolate 'would have cut Covid deaths'. Baroness Dido Harding tells Covid inquiry Rishi Sunak blocked higher support payments.,Cash to isolate 'would have cut Covid deaths',https://www.bbc.com/news/articles/cy8nvl37zkdo?at_medium=RSS&at_campaign=rss,https://feeds.bbci.co.uk/news/health/rss.xml
Health,"Johnson wanted tighter Covid rules, inquiry hears. In his diaries, Lord Vallance wrote that ex-PM thought rules were not ruthless enough.","Johnson wanted tighter Covid rules, inquiry hears",https://www.bbc.com/news/articles/c5y82pll0epo?at_medium=RSS&at_campaign=rss,https://feeds.bbci.co.uk/news/health/rss.xml
Health,Hancock criticises 'wholly naive' Covid inquiry. The former health secretary was giving evidence about medical equipment deals during the pandemic.,Hancock criticises 'wholly naive' Covid inquiry,https://www.bbc.com/news/articles/cd65ev8z7z6o?at_medium=RSS&at_campaign=rss,https://feeds.bbci.co.uk/news/health/rss.xml
Health,"Mone accuses Covid inquiry of 'cover-up'. She says husband Doug Barrowman and her are targets of a ""politically motivated witch hunt"".",Mone accuses Covid inquiry of 'cover-up',https://www.bbc.com/news/articles/ce8mr2kz222o?at_medium=RSS&at_campaign=rss,https://feeds.bbci.co.uk/news/health/rss.xml
Health,Michael Gove denies trying to circumvent Dyson ventilator checks. Former cabinet minister says it would be ludicrous to suggest he tried to shortcut safety checks in the pandemic.,Michael Gove denies trying to circumvent Dyson ventilator checks,https://www.bbc.com/news/articles/czrnkv4rz5vo?at_medium=RSS&at_campaign=rss,https://feeds.bbci.co.uk/news/health/rss.xml
Health,"Michelle Mone-linked PPE firm evidence to be heard in private. Covid inquiry says hearings into the firm, led by Michelle Mone's husband, must be held in closed session.",Michelle Mone-linked PPE firm evidence to be heard in private,https://www.bbc.com/news/articles/c8rkj8pv684o?at_medium=RSS&at_campaign=rss,https://feeds.bbci.co.uk/news/health/rss.xml
Health,Large UK-wide pandemic preparedness tests planned this year. The stress test will involve thousands of people to help the UK prepare for potential future threats.,Large UK-wide pandemic preparedness tests planned this year,https://www.bbc.com/news/articles/cj910k8g4l0o?at_medium=RSS&at_campaign=rss,https://feeds.bbci.co.uk/news/health/rss.xml
Health,Families failed by Covid jabs tell inquiry of pain. They said there was no support after the death and harm suffered by their loved ones.,Families failed by Covid jabs tell inquiry of pain,https://www.bbc.com/news/articles/c4gzleyydp8o?at_medium=RSS&at_campaign=rss,https://feeds.bbci.co.uk/news/health/rss.xml
Health,"NHS hours from PPE running out in Covid - Hancock. Former health secretary tells inquiry some healthcare settings did run out - ""and it was awful"".",NHS hours from PPE running out in Covid - Hancock,https://www.bbc.com/news/articles/ce89k5j27z1o?at_medium=RSS&at_campaign=rss,https://feeds.bbci.co.uk/news/health/rss.xml
Health,"Covid inquiry told Treasury blocked NHS bed request. NHS England chief executive Amanda Pritchard says the decision, in July 2020, was very disappointing.",Covid inquiry told Treasury blocked NHS bed request,https://www.bbc.com/news/articles/c4gpwz3qyr0o?at_medium=RSS&at_campaign=rss,https://feeds.bbci.co.uk/news/health/rss.xml
Health,Covid inquiry told top NHS doctor was terrified. Sir Stephen Powis says points-based tool was drawn up should need to prioritise patients have arisen.,Covid inquiry told top NHS doctor was terrified,https://www.bbc.com/news/articles/cd0gdzdv53yo?at_medium=RSS&at_campaign=rss,https://feeds.bbci.co.uk/news/health/rss.xml
Health,"How close were hospitals to collapse in Covid?. The Covid inquiry restarts its live hearings this week, after senior staff in the NHS revealed just how close some hospitals were to collapse",How close were hospitals to collapse in Covid?,https://www.bbc.com/news/articles/c78dl0xv7y2o?at_medium=RSS&at_campaign=rss,https://feeds.bbci.co.uk/news/health/rss.xml
Health,Covid inquiry told of trust do-not-resuscitate rule. Patients' families were “horrified but not surprised” when told the blanket policy had been in place.,Covid inquiry told of trust do-not-resuscitate rule,https://www.bbc.com/news/articles/cd98vpxgp7ko?at_medium=RSS&at_campaign=rss,https://feeds.bbci.co.uk/news/health/rss.xml
Health,"We were not treated as parents, Covid inquiry told. Mum of premature twins says rigid restrictions on birthing wards during Covid were traumatic.","We were not treated as parents, Covid inquiry told",https://www.bbc.com/news/articles/c70z1ppyv5eo?at_medium=RSS&at_campaign=rss,https://feeds.bbci.co.uk/news/health/rss.xml
Health,Bindi Irwin says she was made to feel 'ashamed' of endometriosis pain. Her story has reignited conversations about the condition that affects about one in ten women.,Bindi Irwin says she was made to feel 'ashamed' of endometriosis pain,https://www.bbc.com/news/articles/c209dz1yd22o?at_medium=RSS&at_campaign=rss,https://feeds.bbci.co.uk/news/health/rss.xml
Health,"'The worst decision you could ever have to make'. Sarah Spooner suffered such severe hyperemesis gravidarum, or extreme pregnancy sickness, that she felt she had no choice but to have an abortion.",'The worst decision you could ever have to make',https://www.bbc.com/news/videos/c93dxr6gnrzo?at_medium=RSS&at_campaign=rss,https://feeds.bbci.co.uk/news/health/rss.xml
Health,Periods have 'massive impact' on female athletes. Olympic gold medalist Sophie Capewell talks about how periods impact female cyclists and athletes.,Periods have 'massive impact' on female athletes,https://www.bbc.com/news/videos/cm211jp8xglo?at_medium=RSS&at_campaign=rss,https://feeds.bbci.co.uk/news/health/rss.xml
Health,Expectant mothers encouraged to use vital service. Women across the East of England are now able to self-refer to local maternity services online.,Expectant mothers encouraged to use vital service,https://www.bbc.com/news/articles/cpwy14xlln2o?at_medium=RSS&at_campaign=rss,https://feeds.bbci.co.uk/news/health/rss.xml
Health,"Support network helped us to breastfeed, say mums. Two mums who struggled to breastfed their babies say a peer support group helped them.","Support network helped us to breastfeed, say mums",https://www.bbc.com/news/articles/czjmn1lvgl3o?at_medium=RSS&at_campaign=rss,https://feeds.bbci.co.uk/news/health/rss.xml
Health,"Gym with wellbeing focus welcomes lottery boost. The Soma Space offers combined strength training and psychotherapy, and prospective clients can be referred.",Gym with wellbeing focus welcomes lottery boost,https://www.bbc.com/news/articles/cwy0xd11k25o?at_medium=RSS&at_campaign=rss,https://feeds.bbci.co.uk/news/health/rss.xml
Health,Wellbeing walking maps to encourage green travel. The illustrated walking maps guide people along four car-free routes in and around Tewkesbury.,Wellbeing walking maps to encourage green travel,https://www.bbc.com/news/articles/cdxyzkrj7vgo?at_medium=RSS&at_campaign=rss,https://feeds.bbci.co.uk/news/health/rss.xml
Health,Art charity 'buzzing' about opening of new £75m campus. Art Shape works with the NHS to deliver creative courses as prescriptions.,Art charity 'buzzing' about opening of new £75m campus,https://www.bbc.com/news/articles/c8rym6jxlggo?at_medium=RSS&at_campaign=rss,https://feeds.bbci.co.uk/news/health/rss.xml
Health,"How a 'seated salsa' can help your lower back. It's hard to tone your lower back muscles, but this handy exercise can help.",How a 'seated salsa' can help your lower back,https://www.bbc.com/news/videos/c15lv28jve8o?at_medium=RSS&at_campaign=rss,https://feeds.bbci.co.uk/news/health/rss.xml
Health,Artists help pupils and centre users create murals. The murals are created at a special education school and wellbeing and cancer support centre.,Artists help pupils and centre users create murals,https://www.bbc.com/news/articles/c3ez3x4w9e9o?at_medium=RSS&at_campaign=rss,https://feeds.bbci.co.uk/news/health/rss.xml
Health,Inside Health. Shingles vaccine to reduce dementia risk? Antibiotic resistant gonorrhoea & tech trousers,Inside Health,https://www.bbc.co.uk/sounds/play/m002h9vq?at_medium=RSS&at_campaign=rss,https://feeds.bbci.co.uk/news/health/rss.xml
Health,"Inside Health. We investigate the safety of melatonin as a sleep aid, and should you eat your placenta?",Inside Health,https://www.bbc.co.uk/sounds/play/m002gzyy?at_medium=RSS&at_campaign=rss,https://feeds.bbci.co.uk/news/health/rss.xml
Health,Inside Health. We try to figure out why drug deaths are at an all-time high - and what can be done.,Inside Health,https://www.bbc.co.uk/sounds/play/m002grqm?at_medium=RSS&at_campaign=rss,https://feeds.bbci.co.uk/news/health/rss.xml
Health,"Inside Health. James finds out why there are fears over new skincare products, plus physio goes digital.",Inside Health,https://www.bbc.co.uk/sounds/play/m002gfwj?at_medium=RSS&at_campaign=rss,https://feeds.bbci.co.uk/news/health/rss.xml
Health,'Eating disorder misdiagnosis left me with PTSD'. Charlotte Chapman-Hart was misdiagnosed with an eating disorder and now works to bring awareness to rare diseases.,'Eating disorder misdiagnosis left me with PTSD',https://www.bbc.com/news/videos/ckg4l74plzmo?at_medium=RSS&at_campaign=rss,https://feeds.bbci.co.uk/news/health/rss.xml
Health,"The life-changing gene therapy that can restore vision. Andrew had known since childhood that one day he would lose his sight. He donated his skin cells to researchers working on a treatment, hoping for a breakthrough not just for himself, but also for his daughter...",The life-changing gene therapy that can restore vision,https://www.bbc.com/videos/cgm24knl8yjo?at_medium=RSS&at_campaign=rss,https://feeds.bbci.co.uk/news/health/rss.xml
Health,"What if we could cure blindness?. There’ve been some amazing breakthroughs in treating certain kinds of blindness in recent years. But does everyone in the blind community want to be ‘cured’? Comedian Tom Skelton, who started losing his sight at 21, explores.",What if we could cure blindness?,https://www.bbc.com/videos/c2091z20v4ko?at_medium=RSS&at_campaign=rss,https://feeds.bbci.co.uk/news/health/rss.xml
